a_ID,first_name,last_name
A23542523,Jack,Wilshere
A32423454,Ted,Ogle
S23525235,Woody,Hyre
D24234524,Declan,Galbraith
K12343423,Justin,Timberlake
W2134122,Carla,Bruni
M3412,Taylor,Swift
W243124,Katy,Perry
O234124444,Luke,Thompson
S12342131224,Robin,Jackson
W3412384,Lily,Wang
A213432554,Frank,Dedd
N3452452342,Dadoo,Mohamed
J341232,Lisa,Memoli
K34121,Amy,Eakins
H798481237,James,Branch
I7878,Danial,Cable
O86866,Helen ,Caddick
T6785578,Nicole,Cabrol
I8797,Stephen,Gaffin
R767679,Adm,Gaffin
W565677,William,Leonard
A3241,Matilda,Joslyn
P34234523,Frank,Wellington
M1341,Friedrich,Wilhelm
K278115,Pratchett,Pratchett